Title,PPF Corporation Actuals Data Extract,,,
Date Extracted,8/1/2022,,,
Extracted By,Helen Jones (Finance Manager),,,
,,,,
DateKey,OrganizationKey,DepartmentKey, AccountKey ,Amount_LocalCCY
6/2/2022,7,6, 78 ,292
6/2/2022,5,6, 80 ,1301
6/2/2022,4,6, 82 ,73.7
6/2/2022,3,6, 101 ,407564
6/2/2022,6,6, 71 ,46.8
6/2/2022,6,6, 68 ,127.2
6/2/2022,11,6, 87 ,742.83
6/2/2022,12,6, 81 ,581.62
6/2/2022,13,1, 68 ,121.41
6/2/2022,13,1, 74 ,622.32
6/2/2022,12,1, 73 ,364.27
6/2/2022,7,1, 60 ,80224
6/2/2022,6,1, 80 ,520.15
6/2/2022,4,1, 87 ,1556.1
6/2/2022,3,1, 71 ,112.35
6/2/2022,3,1, 66 ,705
6/2/2022,13,2, 85 ,160.84
6/2/2022,12,2, 77 ,195.44
6/2/2022,8,2, 80 ,869.28
6/2/2022,11,5, 85 ,13.53
6/2/2022,11,5, 77 ,79.48
6/2/2022,11,2, 73 ,151.83
6/2/2022,11,3, 87 ,508.74
6/2/2022,6,4, 84 ,67
6/2/2022,6,2, 76 ,118
6/2/2022,6,2, 61 ,785
6/3/2022,8,6, 66 ,510.96
6/3/2022,7,6, 80 ,1154.34
6/3/2022,5,6, 67 ,233.7
6/3/2022,5,6, 77 ,958
6/3/2022,5,6, 61 ,5522
6/3/2022,4,6, 56 ,162872
6/3/2022,3,6, 67 ,371.83
6/3/2022,3,6, 69 ,81
6/3/2022,6,6, 85 ,94
6/3/2022,6,6, 89 ,261
6/3/2022,6,6, 60 ,23714
6/3/2022,11,6, 101 ,226079.52
6/3/2022,11,6, 68 ,128.42
6/3/2022,12,6, 82 ,91.8
6/3/2022,12,6, 52 ,5095.22
6/3/2022,12,6, 67 ,482.43
6/3/2022,12,6, 90 ,283.74
6/3/2022,12,6, 85 ,168.85
6/3/2022,12,6, 73 ,388
6/3/2022,12,6, 56 ,61577.44
6/3/2022,13,6, 63 ,14331.85
6/3/2022,13,6, 52 ,13914.42
6/3/2022,13,6, 78 ,241.7
6/3/2022,13,1, 85 ,87.44
6/3/2022,13,1, 66 ,331.08
6/3/2022,12,1, 65 ,541.94
6/3/2022,12,1, 81 ,356.08
6/3/2022,7,1, 81 ,1146.08
6/3/2022,7,1, 83 ,397
6/3/2022,6,1, 92 ,472.77
6/3/2022,6,1, 90 ,309.6
6/3/2022,6,1, 85 ,85
6/3/2022,5,1, 78 ,301
6/3/2022,8,1, 82 ,133.71
6/3/2022,13,2, 80 ,1013.55
6/3/2022,13,2, 81 ,627.58
6/3/2022,13,2, 60 ,36719.48
6/3/2022,12,2, 69 ,22.42
6/3/2022,12,2, 61 ,1337.39
6/3/2022,8,2, 87 ,819.28
6/3/2022,8,2, 71 ,82.9
6/3/2022,8,2, 60 ,39309.39
6/3/2022,3,7, 84 ,54.54
6/3/2022,3,7, 91 ,87
6/3/2022,3,7, 84 ,54
6/3/2022,11,5, 89 ,28.24
6/3/2022,11,4, 73 ,397.32
6/3/2022,11,4, 78 ,146.51
6/3/2022,11,2, 91 ,159.74
6/3/2022,11,2, 89 ,130.68
6/3/2022,11,3, 81 ,314.47
6/3/2022,11,3, 74 ,488
6/3/2022,11,3, 83 ,73.1
6/3/2022,6,4, 90 ,271.95
6/3/2022,6,4, 80 ,334.64
6/3/2022,6,4, 83 ,77
6/3/2022,6,3, 92 ,716
6/3/2022,6,5, 87 ,282.54
6/3/2022,6,5, 66 ,152.51
6/3/2022,6,5, 80 ,336
6/3/2022,6,5, 67 ,80
6/3/2022,6,2, 85 ,49.44
6/4/2022,8,6, 74 ,475.42
6/4/2022,8,6, 63 ,50243.48
6/4/2022,8,6, 87 ,1092.01
6/4/2022,7,6, 72 ,2759.4
6/4/2022,7,6, 67 ,242
6/4/2022,7,6, 91 ,266
6/4/2022,7,6, 60 ,54648
6/4/2022,5,6, 71 ,75.24
6/4/2022,5,6, 101 ,449538
6/4/2022,4,6, 57 ,23482.76
6/4/2022,4,6, 52 ,16294.5
6/4/2022,3,6, 91 ,263.12
6/4/2022,3,6, 72 ,320.25
6/4/2022,3,6, 92 ,478
6/4/2022,3,6, 81 ,608
6/4/2022,3,6, 53 ,8151
6/4/2022,6,6, 78 ,132
6/4/2022,11,6, 63 ,9282.35
6/4/2022,13,6, 77 ,686.23
6/4/2022,13,6, 85 ,161.52
6/4/2022,13,6, 68 ,159.15
6/4/2022,13,6, 57 ,7310.16
6/4/2022,12,1, 85 ,102.89
6/4/2022,12,1, 67 ,149.7
6/4/2022,12,1, 76 ,261.4
6/4/2022,11,1, 81 ,675.46
6/4/2022,11,1, 73 ,529.98
6/4/2022,11,1, 77 ,1210.84
6/4/2022,7,1, 80 ,1833.4
6/4/2022,6,1, 74 ,188.7
6/4/2022,6,1, 62 ,2493
6/4/2022,4,1, 67 ,383.04
6/4/2022,8,1, 66 ,1093.53
6/4/2022,8,1, 66 ,1111.71
6/4/2022,3,1, 94 ,58.32
6/4/2022,3,1, 65 ,729.44
6/4/2022,13,2, 84 ,210.03
6/4/2022,12,2, 89 ,83.59
6/4/2022,8,2, 92 ,298.06
6/4/2022,3,7, 91 ,84.39
6/4/2022,3,7, 80 ,296.01
6/4/2022,3,7, 60 ,13562.64
6/4/2022,11,5, 90 ,42.58
6/4/2022,11,5, 61 ,308.21
6/4/2022,11,5, 60 ,3741.25
6/4/2022,11,4, 66 ,621.16
6/4/2022,11,2, 66 ,219.91
6/4/2022,11,3, 65 ,444.45
6/4/2022,11,3, 89 ,79.48
6/4/2022,6,4, 91 ,202.86
6/4/2022,6,4, 82 ,22
6/4/2022,6,4, 61 ,1709
6/4/2022,6,5, 74 ,118.75
6/4/2022,6,2, 76 ,108.56
6/4/2022,6,2, 61 ,769.3
6/4/2022,6,2, 67 ,74
6/4/2022,6,2, 73 ,102
6/5/2022,8,6, 92 ,390.26
6/5/2022,8,6, 53 ,10789.99
6/5/2022,8,6, 65 ,607.15
6/5/2022,7,6, 65 ,506
6/5/2022,5,6, 77 ,1005.9
6/5/2022,5,6, 63 ,16183
6/5/2022,4,6, 66 ,690
6/5/2022,4,6, 62 ,4278
6/5/2022,3,6, 84 ,173.63
6/5/2022,3,6, 77 ,891.1
6/5/2022,3,6, 66 ,677.12
6/5/2022,6,6, 53 ,5594
6/5/2022,11,6, 77 ,517.79
6/5/2022,11,6, 69 ,36.93
6/5/2022,12,6, 71 ,89.06
6/5/2022,12,6, 54 ,865.67
6/5/2022,13,6, 90 ,290.7
6/5/2022,13,6, 87 ,752.54
6/5/2022,13,6, 84 ,170.62
6/5/2022,13,6, 62 ,2583.76
6/5/2022,13,6, 56 ,206994.58
6/5/2022,13,1, 76 ,277.18
6/5/2022,13,1, 91 ,125.06
6/5/2022,13,1, 87 ,474.94
6/5/2022,12,1, 91 ,188.29
6/5/2022,12,1, 87 ,694.45
6/5/2022,12,1, 80 ,575.24
6/5/2022,11,1, 62 ,3561.46
6/5/2022,7,1, 77 ,1310
6/5/2022,6,1, 61 ,2073.76
6/5/2022,6,1, 90 ,344
6/5/2022,5,1, 67 ,304
6/5/2022,4,1, 62 ,4044.9
6/5/2022,4,1, 84 ,395
6/5/2022,3,1, 81 ,1135.27
6/5/2022,3,1, 66 ,648.6
6/5/2022,3,1, 81 ,1061
6/5/2022,3,1, 80 ,1715
6/5/2022,3,1, 60 ,69069
6/5/2022,12,2, 87 ,272.45
6/5/2022,8,2, 89 ,146.54
6/5/2022,11,5, 91 ,19.45
6/5/2022,11,5, 84 ,13.53
6/5/2022,11,4, 80 ,564.6
6/5/2022,11,4, 61 ,2184.84
6/5/2022,11,2, 87 ,480.73
6/5/2022,11,2, 83 ,103.59
6/5/2022,11,2, 83 ,73.1
6/5/2022,11,2, 77 ,308.21
6/5/2022,11,3, 67 ,175.2
6/5/2022,11,3, 83 ,114.98
6/5/2022,11,3, 71 ,39.06
6/5/2022,6,4, 76 ,167
6/5/2022,6,3, 92 ,737.48
6/5/2022,6,3, 85 ,123
6/5/2022,6,5, 68 ,54.28
6/5/2022,6,5, 73 ,116
6/5/2022,6,5, 61 ,1387
6/5/2022,6,2, 71 ,24
6/6/2022,8,6, 90 ,258.5
6/6/2022,8,6, 57 ,67907.81
6/6/2022,8,6, 92 ,388.97
6/6/2022,8,6, 77 ,1025.34
6/6/2022,7,6, 90 ,366.3
6/6/2022,7,6, 81 ,750.88
6/6/2022,5,6, 94 ,34160.88
6/6/2022,5,6, 66 ,435.24
6/6/2022,4,6, 81 ,658.56
6/6/2022,4,6, 56 ,174273.04
6/6/2022,4,6, 92 ,400
6/6/2022,4,6, 69 ,76
6/6/2022,3,6, 101 ,415715.28
6/6/2022,3,6, 68 ,297.57
6/6/2022,3,6, 69 ,84.24
6/6/2022,3,6, 56 ,109405
6/6/2022,6,6, 90 ,360.9
6/6/2022,6,6, 83 ,117
6/6/2022,6,6, 82 ,35.36
6/6/2022,6,6, 57 ,8727.68
6/6/2022,6,6, 52 ,18601.95
6/6/2022,6,6, 74 ,164
6/6/2022,11,6, 80 ,1006.61
6/6/2022,11,6, 74 ,294.38
6/6/2022,11,6, 53 ,9169.02
6/6/2022,12,6, 85 ,265.58
6/6/2022,12,6, 72 ,260.39
6/6/2022,12,6, 72 ,174.17
6/6/2022,13,6, 81 ,610.78
6/6/2022,13,6, 92 ,343.75
6/6/2022,13,6, 54 ,1347.79
6/6/2022,13,6, 74 ,473.93
6/6/2022,13,6, 63 ,14620.82
6/6/2022,13,6, 60 ,41965.19
6/6/2022,7,1, 87 ,1526.4
6/6/2022,7,1, 84 ,355
6/6/2022,6,1, 87 ,494.7
6/6/2022,6,1, 91 ,275
6/6/2022,5,1, 67 ,304
6/6/2022,5,1, 66 ,655.6
6/6/2022,5,1, 81 ,730
6/6/2022,4,1, 89 ,388.85
6/6/2022,3,1, 92 ,958.1
6/6/2022,3,1, 61 ,8248.88
6/6/2022,3,1, 83 ,375
6/6/2022,13,2, 69 ,72.43
6/6/2022,13,2, 73 ,422.31
6/6/2022,13,2, 69 ,73.18
6/6/2022,12,2, 91 ,58.81
6/6/2022,8,2, 71 ,81.54
6/6/2022,3,7, 77 ,262.15
6/6/2022,3,7, 65 ,134.82
6/6/2022,11,5, 60 ,6350.72
6/6/2022,11,5, 94 ,22.04
6/6/2022,11,2, 67 ,110.34
6/6/2022,11,2, 85 ,59.27
6/6/2022,11,3, 92 ,242.88
6/6/2022,11,3, 90 ,178.66
6/6/2022,6,4, 66 ,156.6
6/6/2022,6,3, 78 ,163
6/6/2022,6,5, 85 ,60
6/6/2022,6,5, 90 ,261
6/6/2022,6,2, 62 ,777.15
6/6/2022,6,2, 74 ,150.38
6/7/2022,8,6, 84 ,189.91
6/7/2022,8,6, 82 ,69.31
6/7/2022,8,6, 76 ,8657.3
6/7/2022,7,6, 66 ,460
6/7/2022,5,6, 74 ,281
6/7/2022,4,6, 80 ,1207.72
6/7/2022,4,6, 101 ,532500
6/7/2022,4,6, 76 ,4906
6/7/2022,3,6, 66 ,736
6/7/2022,3,6, 77 ,938
6/7/2022,6,6, 65 ,333.45
6/7/2022,11,6, 80 ,652.9
6/7/2022,11,6, 76 ,1232.7
6/7/2022,12,6, 101 ,174033.79
6/7/2022,12,6, 78 ,238
6/7/2022,13,6, 76 ,3879.8
6/7/2022,13,6, 80 ,839.79
6/7/2022,13,1, 71 ,56.66
6/7/2022,13,1, 66 ,327.68
6/7/2022,13,1, 65 ,364.42
6/7/2022,12,1, 60 ,24712.92
6/7/2022,11,1, 85 ,211.99
6/7/2022,11,1, 69 ,105.05
6/7/2022,11,1, 76 ,655.34
6/7/2022,11,1, 76 ,400.77
6/7/2022,7,1, 89 ,356.38
6/7/2022,7,1, 84 ,344.35
6/7/2022,7,1, 94 ,385
6/7/2022,7,1, 62 ,4115
6/7/2022,7,1, 69 ,69
6/7/2022,6,1, 69 ,44
6/7/2022,5,1, 92 ,478
6/7/2022,5,1, 87 ,1053
6/7/2022,4,1, 78 ,493
6/7/2022,8,1, 91 ,500.86
6/7/2022,13,2, 73 ,389.85
6/7/2022,12,2, 83 ,88.2
6/7/2022,12,2, 73 ,136.69
6/7/2022,8,2, 94 ,188.96
6/7/2022,8,2, 66 ,479.88
6/7/2022,3,7, 74 ,180.42
6/7/2022,11,5, 69 ,7.14
6/7/2022,11,4, 71 ,94.06
6/7/2022,11,2, 85 ,93.22
6/7/2022,11,2, 81 ,350.5
6/7/2022,11,2, 73 ,217.53
6/7/2022,11,2, 87 ,299.7
6/7/2022,11,2, 84 ,63.53
6/7/2022,11,3, 89 ,123.78
6/7/2022,11,3, 61 ,2119.18
6/7/2022,11,3, 91 ,96.05
6/7/2022,6,4, 61 ,1572.28
6/7/2022,6,4, 92 ,345
6/7/2022,6,5, 61 ,1303.78
6/7/2022,6,5, 91 ,209
6/7/2022,6,2, 78 ,74.12
6/7/2022,6,2, 87 ,208
6/7/2022,6,2, 60 ,9563
6/8/2022,8,6, 68 ,219.27
6/8/2022,8,6, 80 ,1146.56
6/8/2022,7,6, 76 ,5288.58
6/8/2022,7,6, 90 ,333
6/8/2022,7,6, 61 ,5046
6/8/2022,4,6, 69 ,75.24
6/8/2022,3,6, 54 ,2117
6/8/2022,3,6, 68 ,273
6/8/2022,6,6, 71 ,52
6/8/2022,6,6, 67 ,160
6/8/2022,11,6, 82 ,62.73
6/8/2022,11,6, 66 ,333.74
6/8/2022,11,6, 65 ,366.72
6/8/2022,12,6, 81 ,914.83
6/8/2022,12,6, 65 ,879.04
6/8/2022,12,6, 91 ,225.83
6/8/2022,12,6, 69 ,62.46
6/8/2022,13,1, 83 ,107.09
6/8/2022,12,1, 76 ,423.37
6/8/2022,12,1, 73 ,214.59
6/8/2022,11,1, 61 ,2848.68
6/8/2022,7,1, 92 ,710
6/8/2022,6,1, 91 ,261.25
6/8/2022,6,1, 76 ,288
6/8/2022,5,1, 92 ,501.9
6/8/2022,5,1, 87 ,1137.24
6/8/2022,5,1, 90 ,358
6/8/2022,4,1, 76 ,829.44
6/8/2022,4,1, 90 ,592
6/8/2022,8,1, 61 ,8080.4
6/8/2022,8,1, 67 ,572.3
6/8/2022,8,1, 60 ,86076.93
6/8/2022,3,1, 91 ,563.76
6/8/2022,3,1, 90 ,692.18
6/8/2022,13,2, 91 ,247.87
6/8/2022,13,2, 66 ,646.88
6/8/2022,12,2, 68 ,51.82
6/8/2022,12,2, 60 ,9788.18
6/8/2022,8,2, 89 ,136.93
6/8/2022,8,2, 81 ,496.94
6/8/2022,8,2, 85 ,143.51
6/8/2022,8,2, 69 ,54.11
6/8/2022,11,5, 82 ,7.41
6/8/2022,11,5, 73 ,66.07
6/8/2022,11,4, 81 ,350.77
6/8/2022,11,3, 73 ,257.19
6/8/2022,11,3, 92 ,162.46
6/8/2022,11,3, 69 ,27.36
6/8/2022,6,4, 69 ,19.19
6/8/2022,6,3, 76 ,274.82
6/8/2022,6,5, 81 ,208
6/8/2022,6,2, 91 ,167.66
6/8/2022,6,2, 73 ,91.8
6/8/2022,6,2, 60 ,10328.04
6/8/2022,6,2, 91 ,166
6/9/2022,8,6, 73 ,430.42
6/9/2022,8,6, 71 ,91.6
6/9/2022,8,6, 91 ,232.25
6/9/2022,5,6, 91 ,373.68
6/9/2022,5,6, 65 ,545.9
6/9/2022,5,6, 90 ,432
6/9/2022,5,6, 56 ,134705
6/9/2022,4,6, 72 ,1612.97
6/9/2022,4,6, 94 ,36884
6/9/2022,4,6, 90 ,300
6/9/2022,3,6, 76 ,3043.86
6/9/2022,3,6, 91 ,286
6/9/2022,6,6, 77 ,459
6/9/2022,6,6, 68 ,120
6/9/2022,6,6, 56 ,91544
6/9/2022,11,6, 81 ,647.97
6/9/2022,11,6, 81 ,403.96
6/9/2022,11,6, 72 ,358.21
6/9/2022,11,6, 61 ,2775.28
6/9/2022,12,6, 77 ,1277.99
6/9/2022,12,6, 61 ,4097.64
6/9/2022,13,6, 52 ,14620.82
6/9/2022,12,1, 60 ,35022.35
6/9/2022,12,1, 61 ,4225.69
6/9/2022,12,1, 91 ,134.34
6/9/2022,12,1, 89 ,110.34
6/9/2022,11,1, 83 ,252.2
6/9/2022,6,1, 87 ,485
6/9/2022,5,1, 89 ,244.65
6/9/2022,5,1, 81 ,708.1
6/9/2022,4,1, 91 ,488.22
6/9/2022,4,1, 74 ,309.6
6/9/2022,4,1, 69 ,82
6/9/2022,8,1, 87 ,1773.84
6/9/2022,3,1, 89 ,398.56
6/9/2022,13,2, 78 ,258.32
6/9/2022,13,2, 60 ,34945.38
6/9/2022,12,2, 80 ,243.32
6/9/2022,8,2, 85 ,127.04
6/9/2022,8,2, 76 ,442
6/9/2022,3,7, 68 ,49.5
6/9/2022,3,7, 94 ,9
6/9/2022,11,5, 94 ,37.75
6/9/2022,11,4, 94 ,259.41
6/9/2022,11,4, 66 ,402.89
6/9/2022,11,2, 90 ,119.91
6/9/2022,11,3, 68 ,90.12
6/9/2022,6,4, 76 ,175.35
6/9/2022,6,4, 60 ,16504.78
6/9/2022,6,4, 65 ,190
6/9/2022,6,3, 91 ,473
6/9/2022,6,3, 90 ,504.78
6/9/2022,6,3, 67 ,184.04
6/9/2022,6,3, 82 ,44
6/9/2022,6,5, 89 ,171.7
6/9/2022,6,2, 62 ,785
6/10/2022,7,6, 78 ,292
6/10/2022,7,6, 94 ,46787.34
6/10/2022,7,6, 85 ,216.24
6/10/2022,7,6, 52 ,19715
6/10/2022,7,6, 80 ,1166
6/10/2022,5,6, 82 ,84
6/10/2022,4,6, 73 ,456.84
6/10/2022,4,6, 68 ,264
6/10/2022,4,6, 63 ,26625
6/10/2022,3,6, 85 ,161.28
6/10/2022,3,6, 65 ,841.36
6/10/2022,3,6, 52 ,7906.47
6/10/2022,3,6, 54 ,2117
6/10/2022,6,6, 101 ,268550.4
6/10/2022,6,6, 91 ,295.32
6/10/2022,6,6, 63 ,3166.38
6/10/2022,6,6, 62 ,1830.18
6/10/2022,6,6, 61 ,2676.3
6/10/2022,6,6, 91 ,321
6/10/2022,6,6, 63 ,3231
6/10/2022,11,6, 77 ,862.82
6/10/2022,12,6, 89 ,310.83
6/10/2022,12,6, 57 ,8944
6/10/2022,12,6, 74 ,425.24
6/10/2022,12,6, 53 ,5221.07
6/10/2022,13,6, 73 ,283.72
6/10/2022,13,1, 85 ,97.74
6/10/2022,13,1, 68 ,127.57
6/10/2022,12,1, 81 ,521.26
6/10/2022,12,1, 66 ,295.45
6/10/2022,11,1, 94 ,338.73
6/10/2022,11,1, 87 ,1037.77
6/10/2022,11,1, 92 ,345.45
6/10/2022,11,1, 89 ,168.85
6/10/2022,7,1, 68 ,240
6/10/2022,7,1, 65 ,688
6/10/2022,6,1, 84 ,93.28
6/10/2022,5,1, 62 ,3900.02
6/10/2022,8,1, 85 ,348.45
6/10/2022,8,1, 71 ,179.87
6/10/2022,8,1, 62 ,6183.01
6/10/2022,13,2, 92 ,382.63
6/10/2022,13,2, 85 ,183.71
6/10/2022,13,2, 71 ,103.01
6/10/2022,8,2, 77 ,793.52
6/10/2022,3,7, 71 ,19.2
6/10/2022,3,7, 66 ,124.26
6/10/2022,3,7, 71 ,20
6/10/2022,3,7, 61 ,1417
6/10/2022,11,5, 73 ,41.19
6/10/2022,11,4, 74 ,635.91
6/10/2022,11,4, 82 ,36.93
6/10/2022,11,2, 74 ,314.59
6/10/2022,11,3, 78 ,94.38
6/10/2022,6,3, 78 ,166.26
6/10/2022,6,3, 91 ,430
6/10/2022,6,2, 68 ,53.9
6/10/2022,6,2, 92 ,276
6/11/2022,8,6, 94 ,68396.48
6/11/2022,8,6, 81 ,710.19
6/11/2022,8,6, 53 ,10754.31
6/11/2022,7,6, 77 ,891.8
6/11/2022,7,6, 67 ,242
6/11/2022,5,6, 83 ,293
6/11/2022,5,6, 65 ,515
6/11/2022,5,6, 91 ,346
6/11/2022,4,6, 71 ,110.58
6/11/2022,3,6, 56 ,117063.35
6/11/2022,3,6, 65 ,809
6/11/2022,6,6, 76 ,1134
6/11/2022,6,6, 69 ,35
6/11/2022,11,6, 54 ,694.44
6/11/2022,11,6, 85 ,117.78
6/11/2022,12,6, 61 ,6764.25
6/11/2022,12,6, 67 ,281.62
6/11/2022,13,6, 92 ,380.21
6/11/2022,13,6, 80 ,959.16
6/11/2022,13,1, 81 ,295.61
6/11/2022,13,1, 89 ,104.76
6/11/2022,12,1, 94 ,195.02
6/11/2022,11,1, 74 ,376.3
6/11/2022,7,1, 78 ,381.6
6/11/2022,7,1, 78 ,424
6/11/2022,6,1, 78 ,148.24
6/11/2022,6,1, 77 ,477.48
6/11/2022,6,1, 84 ,88
6/11/2022,5,1, 61 ,5368
6/11/2022,4,1, 65 ,817
6/11/2022,8,1, 65 ,1190.31
6/11/2022,8,1, 60 ,81282.37
6/11/2022,3,1, 94 ,54
6/11/2022,13,2, 65 ,711.79
6/11/2022,13,2, 77 ,838.11
6/11/2022,13,2, 68 ,238.1
6/11/2022,12,2, 69 ,15.65
6/11/2022,8,2, 90 ,206.94
6/11/2022,8,2, 83 ,178.7
6/11/2022,3,7, 83 ,61.44
6/11/2022,11,5, 92 ,55.82
6/11/2022,11,5, 85 ,20.02
6/11/2022,11,5, 83 ,25.34
6/11/2022,11,5, 87 ,76.29
6/11/2022,11,5, 78 ,24.16
6/11/2022,11,4, 87 ,642.79
6/11/2022,11,4, 83 ,182.47
6/11/2022,11,4, 90 ,220.98
6/11/2022,11,2, 82 ,35.27
6/11/2022,11,2, 68 ,83.74
6/11/2022,11,3, 82 ,20.97
6/11/2022,6,3, 87 ,609.4
6/11/2022,6,3, 81 ,424
6/11/2022,6,5, 82 ,18.9
6/11/2022,6,2, 84 ,55.12
6/11/2022,6,2, 82 ,15.81
6/12/2022,7,6, 89 ,209.52
6/12/2022,7,6, 68 ,203.83
6/12/2022,5,6, 81 ,733.46
6/12/2022,5,6, 76 ,3199.76
6/12/2022,5,6, 87 ,1053
6/12/2022,3,6, 92 ,492.34
6/12/2022,3,6, 94 ,3173
6/12/2022,3,6, 87 ,878
6/12/2022,3,6, 63 ,6113
6/12/2022,6,6, 69 ,37.8
6/12/2022,6,6, 72 ,102.72
6/12/2022,6,6, 65 ,351
6/12/2022,11,6, 71 ,79.08
6/12/2022,12,6, 80 ,939.07
6/12/2022,12,6, 63 ,3480.61
6/12/2022,13,1, 90 ,140.86
6/12/2022,13,1, 82 ,32.16
6/12/2022,12,1, 87 ,479.49
6/12/2022,11,1, 71 ,97.57
6/12/2022,7,1, 68 ,240
6/12/2022,6,1, 61 ,1994
6/12/2022,5,1, 77 ,1011
6/12/2022,4,1, 83 ,454.5
6/12/2022,4,1, 83 ,450
6/12/2022,4,1, 66 ,743
6/12/2022,4,1, 62 ,4170
6/12/2022,4,1, 61 ,9174
6/12/2022,3,1, 76 ,767
6/12/2022,13,2, 84 ,197.88
6/12/2022,8,2, 78 ,248.09
6/12/2022,11,5, 78 ,35
6/12/2022,11,5, 71 ,17.93
6/12/2022,11,5, 66 ,99.22
6/12/2022,11,4, 85 ,152.23
6/12/2022,11,2, 69 ,42.43
6/12/2022,11,2, 76 ,172.04
6/12/2022,6,3, 84 ,144.9
6/12/2022,6,3, 73 ,267.84
6/12/2022,6,5, 78 ,79.9
6/12/2022,6,5, 60 ,15018
6/12/2022,6,2, 85 ,48
6/13/2022,8,6, 65 ,555.41
6/13/2022,7,6, 74 ,310
6/13/2022,7,6, 73 ,386
6/13/2022,5,6, 72 ,1618
6/13/2022,5,6, 68 ,187
6/13/2022,5,6, 66 ,468
6/13/2022,4,6, 81 ,686
6/13/2022,4,6, 71 ,114
6/13/2022,4,6, 66 ,690
6/13/2022,6,6, 78 ,126.72
6/13/2022,11,6, 94 ,15979.59
6/13/2022,11,6, 74 ,472.2
6/13/2022,11,6, 73 ,403.67
6/13/2022,12,6, 94 ,16066.9
6/13/2022,12,6, 56 ,99732.06
6/13/2022,12,6, 92 ,378.43
6/13/2022,12,6, 77 ,789.07
6/13/2022,13,6, 67 ,213.64
6/13/2022,13,6, 78 ,259.15
6/13/2022,13,6, 54 ,1374.96
6/13/2022,13,6, 71 ,69.67
6/13/2022,13,1, 89 ,96.71
6/13/2022,12,1, 83 ,128.42
6/13/2022,11,1, 68 ,210.34
6/13/2022,7,1, 71 ,95.68
6/13/2022,6,1, 71 ,73.5
6/13/2022,5,1, 85 ,202
6/13/2022,5,1, 62 ,3578
6/13/2022,4,1, 78 ,512.72
6/13/2022,3,1, 69 ,78
6/13/2022,13,2, 71 ,100.97
6/13/2022,13,2, 65 ,697.72
6/13/2022,13,2, 83 ,231.08
6/13/2022,13,2, 61 ,4145.19
6/13/2022,12,2, 71 ,31.23
6/13/2022,12,2, 82 ,16.72
6/13/2022,12,2, 67 ,68.85
6/13/2022,8,2, 74 ,493.51
6/13/2022,8,2, 82 ,52.6
6/13/2022,11,5, 80 ,78.42
6/13/2022,11,5, 76 ,44.38
6/13/2022,11,5, 65 ,68.85
6/13/2022,11,4, 68 ,237.79
6/13/2022,11,4, 92 ,294.38
6/13/2022,11,2, 61 ,2713.35
6/13/2022,11,3, 76 ,177.36
6/13/2022,11,3, 74 ,336.94
6/13/2022,11,3, 66 ,242.25
6/13/2022,6,4, 84 ,62.31
6/13/2022,6,4, 68 ,68.64
6/13/2022,6,3, 90 ,537
6/13/2022,6,3, 77 ,543
6/13/2022,6,5, 90 ,255.78
6/13/2022,6,5, 67 ,88
6/13/2022,6,5, 84 ,67
6/13/2022,6,2, 83 ,60
6/14/2022,8,6, 81 ,677.61
6/14/2022,8,6, 74 ,464.73
6/14/2022,8,6, 71 ,95.02
6/14/2022,8,6, 57 ,64520.47
6/14/2022,8,6, 63 ,53767.23
6/14/2022,8,6, 60 ,60776.46
6/14/2022,7,6, 84 ,213.12
6/14/2022,5,6, 74 ,261.33
6/14/2022,5,6, 63 ,16183
6/14/2022,3,6, 60 ,42181.92
6/14/2022,3,6, 89 ,233
6/14/2022,6,6, 92 ,481.5
6/14/2022,6,6, 60 ,25848.26
6/14/2022,6,6, 92 ,535
6/14/2022,6,6, 66 ,319
6/14/2022,6,6, 62 ,1947
6/14/2022,11,6, 61 ,4624.56
6/14/2022,12,6, 62 ,4748.27
6/14/2022,12,6, 89 ,184.81
6/14/2022,12,6, 57 ,5221.07
6/14/2022,13,6, 82 ,55.64
6/14/2022,13,6, 53 ,12522.98
6/14/2022,13,6, 85 ,171.43
6/14/2022,13,1, 73 ,221.59
6/14/2022,12,1, 84 ,189.18
6/14/2022,12,1, 83 ,211.99
6/14/2022,11,1, 60 ,51333.07
6/14/2022,11,1, 65 ,880.03
6/14/2022,11,1, 85 ,128.42
6/14/2022,6,1, 68 ,164.59
6/14/2022,6,1, 68 ,151
6/14/2022,4,1, 85 ,360
6/14/2022,8,1, 87 ,1727.38
6/14/2022,8,1, 81 ,1375.57
6/14/2022,8,1, 89 ,405.63
6/14/2022,3,1, 84 ,319.48
6/14/2022,3,1, 80 ,1646.4
6/14/2022,3,1, 65 ,776
6/14/2022,13,2, 90 ,271.53
6/14/2022,13,2, 87 ,745.01
6/14/2022,13,2, 68 ,249.26
6/14/2022,12,2, 85 ,66.35
6/14/2022,12,2, 74 ,522.95
6/14/2022,12,2, 62 ,1176.92
6/14/2022,12,2, 84 ,50.76
6/14/2022,8,2, 68 ,182.9
6/14/2022,11,5, 87 ,116.43
6/14/2022,11,5, 69 ,12.23
6/14/2022,11,4, 92 ,435.53
6/14/2022,11,4, 77 ,775.94
6/14/2022,11,4, 60 ,34496.33
6/14/2022,11,4, 73 ,260.34
6/14/2022,11,4, 71 ,65.65
6/14/2022,11,2, 80 ,538.59
6/14/2022,11,2, 60 ,24493.09
6/14/2022,11,3, 66 ,347.08
6/14/2022,11,3, 90 ,122.04
6/14/2022,6,3, 80 ,691.85
6/14/2022,6,3, 65 ,370
6/14/2022,6,5, 83 ,75
6/15/2022,8,6, 90 ,292
6/15/2022,8,6, 61 ,7484.55
6/15/2022,7,6, 53 ,38642.38
6/15/2022,7,6, 85 ,204
6/15/2022,7,6, 82 ,73
6/15/2022,5,6, 89 ,283.81
6/15/2022,5,6, 54 ,4987.4
6/15/2022,5,6, 73 ,395
6/15/2022,4,6, 61 ,5646.72
6/15/2022,4,6, 77 ,1009
6/15/2022,4,6, 60 ,52118
6/15/2022,3,6, 83 ,211
6/15/2022,6,6, 52 ,19581
6/15/2022,11,6, 84 ,132.68
6/15/2022,11,6, 78 ,166.72
6/15/2022,12,6, 91 ,379.83
6/15/2022,12,6, 83 ,211.4
6/15/2022,13,6, 89 ,180.04
6/15/2022,13,6, 61 ,3909.06
6/15/2022,13,6, 91 ,226.81
6/15/2022,13,6, 90 ,285.47
6/15/2022,13,6, 82 ,60.9
6/15/2022,13,6, 76 ,4076.77
6/15/2022,13,6, 73 ,320.56
6/15/2022,12,1, 68 ,112.46
6/15/2022,12,1, 62 ,1775.26
6/15/2022,7,1, 82 ,120.84
6/15/2022,7,1, 91 ,391.92
6/15/2022,6,1, 82 ,28.5
6/15/2022,5,1, 91 ,286
6/15/2022,5,1, 65 ,655
6/15/2022,5,1, 61 ,5368
6/15/2022,4,1, 71 ,123
6/15/2022,8,1, 92 ,880.01
6/15/2022,8,1, 80 ,2157.93
6/15/2022,8,1, 78 ,488.07
6/15/2022,8,1, 76 ,1007.36
6/15/2022,8,1, 90 ,620.79
6/15/2022,3,1, 77 ,1284.33
6/15/2022,3,1, 78 ,424
6/15/2022,13,2, 77 ,853.45
6/15/2022,13,2, 74 ,674.9
6/15/2022,13,2, 82 ,64.86
6/15/2022,12,2, 87 ,192.25
6/15/2022,12,2, 66 ,133.74
6/15/2022,8,2, 68 ,178.11
6/15/2022,3,7, 92 ,150.8
6/15/2022,3,7, 90 ,109
6/15/2022,3,7, 77 ,245
6/15/2022,3,7, 74 ,186
6/15/2022,11,5, 61 ,465.58
6/15/2022,11,5, 81 ,49.7
6/15/2022,11,5, 66 ,62.46
6/15/2022,11,4, 90 ,361.35
6/15/2022,11,4, 77 ,493.32
6/15/2022,11,4, 67 ,199.7
6/15/2022,11,2, 74 ,480.12
6/15/2022,6,4, 85 ,62
6/15/2022,6,3, 87 ,554
6/15/2022,6,3, 76 ,302
6/15/2022,6,5, 92 ,372.36
6/15/2022,6,5, 62 ,925
6/15/2022,6,2, 84 ,53
6/16/2022,8,6, 80 ,1184.2
6/16/2022,8,6, 89 ,190.48
6/16/2022,7,6, 65 ,536.36
6/16/2022,7,6, 57 ,31051.65
6/16/2022,5,6, 85 ,234
6/16/2022,5,6, 57 ,6743
6/16/2022,4,6, 101 ,537825
6/16/2022,4,6, 91 ,225.6
6/16/2022,4,6, 84 ,208
6/16/2022,4,6, 76 ,4464.46
6/16/2022,4,6, 83 ,235
6/16/2022,4,6, 52 ,15975
6/16/2022,3,6, 74 ,359
6/16/2022,6,6, 67 ,161.6
6/16/2022,6,6, 72 ,107
6/16/2022,11,6, 91 ,291.63
6/16/2022,11,6, 83 ,234.41
6/16/2022,11,6, 72 ,513.22
6/16/2022,11,6, 73 ,242.25
6/16/2022,12,6, 92 ,612.91
6/16/2022,12,6, 66 ,558.22
6/16/2022,13,6, 56 ,208813.26
6/16/2022,13,6, 67 ,211.78
6/16/2022,13,6, 66 ,399.5
6/16/2022,13,1, 92 ,213.54
6/16/2022,13,1, 90 ,159.15
6/16/2022,12,1, 71 ,48.63
6/16/2022,6,1, 69 ,40.48
6/16/2022,5,1, 68 ,245.7
6/16/2022,4,1, 80 ,2034
6/16/2022,4,1, 66 ,787.58
6/16/2022,4,1, 87 ,1710
6/16/2022,3,1, 78 ,385.84
6/16/2022,3,1, 62 ,3543
6/16/2022,13,2, 61 ,4063.27
6/16/2022,8,2, 67 ,246.54
6/16/2022,3,7, 73 ,88.2
6/16/2022,3,7, 60 ,12558
6/16/2022,11,5, 77 ,115.12
6/16/2022,11,5, 92 ,34.8
6/16/2022,11,4, 81 ,524.41
6/16/2022,11,4, 76 ,424.33
6/16/2022,11,4, 94 ,157.15
6/16/2022,11,4, 69 ,45.44
6/16/2022,11,2, 68 ,117.37
6/16/2022,11,2, 65 ,243.32
6/16/2022,11,3, 80 ,339.06
6/16/2022,6,4, 68 ,66
6/16/2022,6,5, 92 ,348
6/16/2022,6,5, 66 ,151
6/16/2022,6,2, 89 ,137.7
6/16/2022,6,2, 90 ,207
6/16/2022,6,2, 78 ,68
6/16/2022,6,2, 65 ,162
6/17/2022,8,6, 101 ,994288.39
6/17/2022,8,6, 101 ,1075340.81
6/17/2022,8,6, 94 ,71684.24
6/17/2022,8,6, 85 ,190.48
6/17/2022,8,6, 72 ,3226.9
6/17/2022,7,6, 63 ,24446.91
6/17/2022,7,6, 89 ,216
6/17/2022,7,6, 56 ,203008
6/17/2022,7,6, 54 ,8516
6/17/2022,5,6, 101 ,427061.1
6/17/2022,5,6, 90 ,427.68
6/17/2022,5,6, 73 ,426.6
6/17/2022,5,6, 61 ,5522
6/17/2022,5,6, 89 ,281
6/17/2022,5,6, 84 ,259
6/17/2022,4,6, 73 ,486
6/17/2022,3,6, 78 ,251
6/17/2022,3,6, 72 ,305
6/17/2022,6,6, 54 ,41.16
6/17/2022,6,6, 73 ,209.95
6/17/2022,11,6, 91 ,201.36
6/17/2022,13,6, 66 ,368.79
6/17/2022,13,6, 87 ,790.74
6/17/2022,13,6, 83 ,213.54
6/17/2022,13,6, 72 ,1462.68
6/17/2022,13,1, 62 ,1723.56
6/17/2022,12,1, 77 ,709.87
6/17/2022,11,1, 94 ,207.15
6/17/2022,7,1, 76 ,771.68
6/17/2022,7,1, 67 ,325.92
6/17/2022,7,1, 71 ,104
6/17/2022,6,1, 73 ,268.66
6/17/2022,6,1, 83 ,106
6/17/2022,6,1, 60 ,24298
6/17/2022,5,1, 71 ,84.63
6/17/2022,5,1, 82 ,72
6/17/2022,5,1, 69 ,66
6/17/2022,5,1, 60 ,58126
6/17/2022,4,1, 69 ,86.1
6/17/2022,4,1, 82 ,129
6/17/2022,4,1, 80 ,2034
6/17/2022,3,1, 85 ,321
6/17/2022,3,1, 68 ,264.14
6/17/2022,3,1, 89 ,424
6/17/2022,3,1, 73 ,579
6/17/2022,13,2, 89 ,190.97
6/17/2022,13,2, 76 ,466.17
6/17/2022,12,2, 78 ,118.85
6/17/2022,12,2, 65 ,209.13
6/17/2022,12,2, 82 ,28.38
6/17/2022,3,7, 94 ,8.46
6/17/2022,3,7, 85 ,51
6/17/2022,3,7, 83 ,64
6/17/2022,3,7, 62 ,644
6/17/2022,11,5, 68 ,37.63
6/17/2022,11,5, 90 ,26.29
6/17/2022,11,4, 67 ,292.34
6/17/2022,11,4, 85 ,101.82
6/17/2022,11,3, 62 ,1879.28
6/17/2022,11,3, 61 ,1283.76
6/17/2022,6,4, 92 ,355.35
6/17/2022,6,4, 82 ,20.9
6/17/2022,6,3, 89 ,352.49
6/17/2022,6,3, 74 ,153
6/17/2022,6,5, 91 ,229.9
6/17/2022,6,5, 71 ,24
6/17/2022,6,2, 77 ,212
6/18/2022,8,6, 78 ,327.69
6/18/2022,8,6, 83 ,237.45
6/18/2022,8,6, 73 ,442
6/18/2022,8,6, 69 ,61.69
6/18/2022,7,6, 62 ,2803
6/18/2022,5,6, 87 ,958.23
6/18/2022,5,6, 76 ,3478
6/18/2022,5,6, 71 ,76
6/18/2022,4,6, 57 ,23962
6/18/2022,4,6, 54 ,4751
6/18/2022,3,6, 73 ,496.46
6/18/2022,3,6, 52 ,8151
6/18/2022,6,6, 84 ,106.09
6/18/2022,6,6, 81 ,325.36
6/18/2022,6,6, 53 ,6041.52
6/18/2022,6,6, 83 ,117
6/18/2022,6,6, 57 ,8392
6/18/2022,11,6, 76 ,1900.52
6/18/2022,13,6, 83 ,219.48
6/18/2022,13,6, 65 ,439.86
6/18/2022,13,1, 74 ,586.33
6/18/2022,13,1, 69 ,38.06
6/18/2022,13,1, 60 ,19503.19
6/18/2022,13,1, 80 ,559.16
6/18/2022,12,1, 85 ,163.43
6/18/2022,12,1, 66 ,437.1
6/18/2022,11,1, 91 ,329.83
6/18/2022,11,1, 89 ,239.28
6/18/2022,11,1, 62 ,5490.9
6/18/2022,7,1, 83 ,373.18
6/18/2022,7,1, 73 ,483.6
6/18/2022,6,1, 67 ,182
6/18/2022,5,1, 84 ,197.8
6/18/2022,5,1, 80 ,1096.47
6/18/2022,5,1, 74 ,315.25
6/18/2022,5,1, 83 ,253
6/18/2022,5,1, 80 ,1179
6/18/2022,8,1, 77 ,1571.52
6/18/2022,3,1, 69 ,85.02
6/18/2022,3,1, 92 ,871
6/18/2022,3,1, 91 ,522
6/18/2022,3,1, 68 ,281
6/18/2022,12,2, 90 ,118.33
6/18/2022,12,2, 78 ,84.8
6/18/2022,12,2, 65 ,147.57
6/18/2022,8,2, 87 ,781.7
6/18/2022,8,2, 84 ,149.57
6/18/2022,3,7, 62 ,676.2
6/18/2022,3,7, 67 ,63
6/18/2022,3,7, 69 ,13
6/18/2022,11,4, 89 ,233.84
6/18/2022,11,4, 87 ,448.64
6/18/2022,11,2, 76 ,289.35
6/18/2022,11,3, 84 ,93
6/18/2022,11,3, 68 ,126.32
6/18/2022,11,3, 73 ,160.34
6/18/2022,6,4, 85 ,58.28
6/18/2022,6,3, 81 ,419.76
6/18/2022,6,3, 65 ,388.5
6/18/2022,6,3, 84 ,138
6/18/2022,6,3, 69 ,37
6/18/2022,6,5, 84 ,71.02
6/18/2022,6,5, 76 ,162.8
6/18/2022,6,5, 89 ,170
6/18/2022,6,5, 74 ,125
6/19/2022,8,6, 77 ,1099.34
6/19/2022,8,6, 69 ,54.61
6/19/2022,8,6, 68 ,230.78
6/19/2022,8,6, 82 ,67.75
6/19/2022,7,6, 60 ,55740.96
6/19/2022,7,6, 101 ,657189
6/19/2022,7,6, 72 ,2628
6/19/2022,5,6, 84 ,248.64
6/19/2022,5,6, 52 ,8990
6/19/2022,3,6, 89 ,228.34
6/19/2022,3,6, 57 ,16689.4
6/19/2022,3,6, 80 ,983
6/19/2022,3,6, 60 ,42608
6/19/2022,11,6, 85 ,179.75
6/19/2022,11,6, 78 ,280.41
6/19/2022,11,6, 101 ,152812.12
6/19/2022,11,6, 89 ,164.59
6/19/2022,12,6, 78 ,355.81
6/19/2022,12,6, 71 ,152.57
6/19/2022,12,6, 63 ,5203.63
6/19/2022,12,6, 84 ,189.06
6/19/2022,12,6, 68 ,213.53
6/19/2022,13,6, 89 ,185.47
6/19/2022,13,6, 53 ,14620.82
6/19/2022,13,1, 77 ,506.39
6/19/2022,12,1, 92 ,384.14
6/19/2022,12,1, 69 ,33.74
6/19/2022,12,1, 61 ,2535.91
6/19/2022,11,1, 67 ,276.3
6/19/2022,7,1, 94 ,381.15
6/19/2022,7,1, 90 ,553.28
6/19/2022,7,1, 85 ,301.15
6/19/2022,7,1, 87 ,1440
6/19/2022,7,1, 74 ,325
6/19/2022,6,1, 89 ,201.6
6/19/2022,6,1, 76 ,262.08
6/19/2022,6,1, 77 ,519
6/19/2022,4,1, 85 ,356.4
6/19/2022,8,1, 83 ,470.79
6/19/2022,8,1, 65 ,1222.32
6/19/2022,13,2, 80 ,897.06
6/19/2022,13,2, 76 ,479.14
6/19/2022,12,2, 91 ,89.76
6/19/2022,8,2, 81 ,537.45
6/19/2022,11,5, 74 ,519.92
6/19/2022,11,5, 89 ,17.78
6/19/2022,11,4, 91 ,257.39
6/19/2022,11,4, 84 ,180.1
6/19/2022,11,4, 84 ,115.65
6/19/2022,11,2, 90 ,188.61
6/19/2022,11,2, 78 ,129.29
6/19/2022,11,2, 92 ,160.34
6/19/2022,11,2, 71 ,34.8
6/19/2022,11,2, 60 ,15727.65
6/19/2022,11,3, 85 ,97.84
6/19/2022,6,4, 81 ,203.32
6/19/2022,6,4, 67 ,85.5
6/19/2022,6,3, 68 ,118.3
6/19/2022,6,5, 62 ,925
6/19/2022,6,2, 87 ,228.8
6/19/2022,6,2, 81 ,152.28
6/20/2022,8,6, 85 ,174.24
6/20/2022,8,6, 91 ,217.03
6/20/2022,7,6, 91 ,242.06
6/20/2022,7,6, 69 ,53.55
6/20/2022,7,6, 66 ,450.8
6/20/2022,7,6, 57 ,29573
6/20/2022,5,6, 60 ,58125.6
6/20/2022,5,6, 82 ,75.6
6/20/2022,5,6, 52 ,9079.9
6/20/2022,5,6, 92 ,577
6/20/2022,4,6, 74 ,448.8
6/20/2022,4,6, 67 ,327.36
6/20/2022,4,6, 62 ,3892.98
6/20/2022,4,6, 84 ,200
6/20/2022,4,6, 80 ,1108
6/20/2022,4,6, 53 ,5325
6/20/2022,3,6, 94 ,3363.38
6/20/2022,3,6, 82 ,60
6/20/2022,6,6, 87 ,473.55
6/20/2022,6,6, 80 ,519.92
6/20/2022,6,6, 77 ,440.64
6/20/2022,6,6, 66 ,334.95
6/20/2022,6,6, 73 ,221
6/20/2022,11,6, 68 ,187.99
6/20/2022,12,6, 101 ,295420
6/20/2022,12,6, 52 ,3480.61
6/20/2022,13,6, 91 ,220.17
6/20/2022,13,6, 71 ,64.31
6/20/2022,12,1, 68 ,187.4
6/20/2022,12,1, 82 ,36.93
6/20/2022,12,1, 77 ,469.92
6/20/2022,11,1, 71 ,167.15
6/20/2022,11,1, 84 ,134.8
6/20/2022,7,1, 82 ,114
6/20/2022,5,1, 84 ,215
6/20/2022,4,1, 68 ,285
6/20/2022,8,1, 90 ,592.32
6/20/2022,8,1, 94 ,461.7
6/20/2022,8,1, 80 ,2129.91
6/20/2022,3,1, 74 ,305.28
6/20/2022,3,1, 85 ,300
6/20/2022,3,1, 82 ,107
6/20/2022,12,2, 92 ,147.5
6/20/2022,12,2, 80 ,356.19
6/20/2022,12,2, 77 ,322.62
6/20/2022,8,2, 77 ,788.35
6/20/2022,8,2, 83 ,179.87
6/20/2022,3,7, 68 ,45
6/20/2022,11,5, 67 ,52.68
6/20/2022,11,5, 74 ,330.55
6/20/2022,11,4, 78 ,207.63
6/20/2022,11,3, 78 ,145.51
6/20/2022,11,3, 77 ,529.54
6/20/2022,6,4, 89 ,183.12
6/20/2022,6,4, 91 ,207
6/20/2022,6,3, 66 ,359.52
6/20/2022,6,3, 62 ,1959.17
6/20/2022,6,3, 80 ,685
6/20/2022,6,5, 69 ,17.17
6/20/2022,6,2, 82 ,17
6/20/2022,6,2, 69 ,16
6/21/2022,8,6, 66 ,552.61
6/21/2022,7,6, 83 ,229.5
6/21/2022,7,6, 69 ,51
6/21/2022,5,6, 85 ,229.32
6/21/2022,5,6, 72 ,1537.1
6/21/2022,5,6, 78 ,314
6/21/2022,5,6, 69 ,52
6/21/2022,4,6, 83 ,239.7
6/21/2022,4,6, 78 ,284
6/21/2022,3,6, 53 ,7824.96
6/21/2022,3,6, 84 ,179
6/21/2022,6,6, 81 ,332
6/21/2022,11,6, 69 ,56.93
6/21/2022,11,6, 92 ,336.94
6/21/2022,11,6, 90 ,252.89
6/21/2022,11,6, 83 ,147.57
6/21/2022,11,6, 63 ,5960.44
6/21/2022,13,6, 69 ,41.21
6/21/2022,12,1, 89 ,185.59
6/21/2022,12,1, 78 ,219.69
6/21/2022,12,1, 67 ,216.81
6/21/2022,11,1, 78 ,295.04
6/21/2022,11,1, 68 ,307.92
6/21/2022,11,1, 87 ,673.11
6/21/2022,11,1, 65 ,620.98
6/21/2022,7,1, 76 ,728
6/21/2022,6,1, 66 ,402
6/21/2022,5,1, 78 ,328.09
6/21/2022,4,1, 76 ,864
6/21/2022,4,1, 73 ,617
6/21/2022,8,1, 61 ,8833.06
6/21/2022,6,1, 67 ,200
6/21/2022,13,2, 78 ,271.43
6/21/2022,13,2, 62 ,3390.79
6/21/2022,12,2, 84 ,84.58
6/21/2022,12,2, 76 ,153.15
6/21/2022,12,2, 94 ,52.89
6/21/2022,8,2, 74 ,466.02
6/21/2022,8,2, 61 ,4475.72
6/21/2022,8,2, 61 ,4840.57
6/21/2022,3,7, 80 ,299
6/21/2022,11,5, 76 ,69.8
6/21/2022,11,5, 62 ,383.74
6/21/2022,11,4, 80 ,923.23
6/21/2022,11,2, 91 ,94.98
6/21/2022,11,2, 82 ,20.97
6/21/2022,11,2, 78 ,92.25
6/21/2022,6,4, 83 ,83.16
6/21/2022,6,4, 90 ,259
6/21/2022,6,4, 69 ,19
6/21/2022,6,4, 71 ,27
6/21/2022,6,4, 66 ,174
6/21/2022,6,5, 68 ,59
6/21/2022,6,2, 69 ,15.84
6/22/2022,8,6, 61 ,6920.41
6/22/2022,8,6, 52 ,21507.54
6/22/2022,8,6, 78 ,305.63
6/22/2022,8,6, 67 ,292
6/22/2022,7,6, 82 ,73.73
6/22/2022,7,6, 62 ,2887.09
6/22/2022,5,6, 81 ,806
6/22/2022,5,6, 53 ,8990
6/22/2022,4,6, 94 ,37621.68
6/22/2022,4,6, 87 ,1039.5
6/22/2022,4,6, 89 ,195
6/22/2022,3,6, 90 ,358
6/22/2022,6,6, 82 ,34
6/22/2022,6,6, 61 ,2433
6/22/2022,11,6, 53 ,14707.53
6/22/2022,11,6, 60 ,35985.38
6/22/2022,11,6, 82 ,43.31
6/22/2022,11,6, 52 ,7641.33
6/22/2022,12,6, 90 ,468.39
6/22/2022,12,6, 84 ,303.26
6/22/2022,12,6, 87 ,766.73
6/22/2022,12,6, 76 ,1873.13
6/22/2022,13,1, 77 ,483.72
6/22/2022,13,1, 73 ,232.84
6/22/2022,13,1, 67 ,169.68
6/22/2022,12,1, 80 ,851.05
6/22/2022,12,1, 69 ,47.29
6/22/2022,12,1, 94 ,125.23
6/22/2022,12,1, 84 ,113.53
6/22/2022,11,1, 91 ,205.62
6/22/2022,11,1, 90 ,259.27
6/22/2022,11,1, 60 ,34697.15
6/22/2022,7,1, 65 ,688
6/22/2022,7,1, 89 ,346
6/22/2022,6,1, 81 ,319
6/22/2022,6,1, 82 ,30
6/22/2022,5,1, 85 ,199.98
6/22/2022,5,1, 65 ,609.15
6/22/2022,4,1, 65 ,759.81
6/22/2022,8,1, 71 ,168.08
6/22/2022,8,1, 69 ,109.61
6/22/2022,8,1, 78 ,522.3
6/22/2022,13,2, 91 ,250.04
6/22/2022,12,2, 67 ,100.79
6/22/2022,8,2, 84 ,160.36
6/22/2022,8,2, 76 ,447.81
6/22/2022,8,2, 66 ,443.71
6/22/2022,8,2, 65 ,556.1
6/22/2022,3,7, 76 ,137
6/22/2022,11,5, 84 ,20.86
6/22/2022,11,5, 81 ,77.4
6/22/2022,11,5, 62 ,621.51
6/22/2022,11,5, 82 ,5.01
6/22/2022,11,5, 67 ,31.61
6/22/2022,11,2, 77 ,503.98
6/22/2022,11,2, 66 ,335.62
6/22/2022,11,2, 61 ,1935.9
6/22/2022,11,3, 84 ,63.53
6/22/2022,11,3, 65 ,266.72
6/22/2022,11,3, 60 ,13895.7
6/22/2022,6,4, 74 ,116.1
6/22/2022,6,4, 80 ,356
6/22/2022,6,4, 60 ,15142
6/22/2022,6,3, 89 ,349
6/22/2022,6,3, 71 ,56
6/22/2022,6,3, 60 ,25502
6/22/2022,6,5, 85 ,65.4
6/22/2022,6,2, 92 ,251.16
6/23/2022,8,6, 62 ,3312.77
6/23/2022,8,6, 56 ,319763.02
6/23/2022,7,6, 76 ,5342
6/23/2022,4,6, 68 ,274.56
6/23/2022,4,6, 77 ,938.37
6/23/2022,3,6, 76 ,3138
6/23/2022,6,6, 89 ,242.73
6/23/2022,6,6, 84 ,103
6/23/2022,11,6, 66 ,483.36
6/23/2022,11,6, 94 ,10915.86
6/23/2022,11,6, 67 ,168.85
6/23/2022,12,6, 87 ,1122.41
6/23/2022,12,6, 73 ,634.45
6/23/2022,12,6, 68 ,312.59
6/23/2022,13,6, 101 ,449857.82
6/23/2022,13,6, 72 ,1266.73
6/23/2022,13,6, 69 ,45.11
6/23/2022,13,1, 78 ,162.32
6/23/2022,13,1, 61 ,1829.36
6/23/2022,12,1, 74 ,586.05
6/23/2022,12,1, 78 ,155.02
6/23/2022,11,1, 69 ,62.46
6/23/2022,7,1, 69 ,73.83
6/23/2022,6,1, 65 ,406.64
6/23/2022,6,1, 62 ,2742.3
6/23/2022,6,1, 85 ,85
6/23/2022,6,1, 74 ,185
6/23/2022,5,1, 76 ,562
6/23/2022,5,1, 73 ,456
6/23/2022,5,1, 71 ,91
6/23/2022,4,1, 68 ,282.15
6/23/2022,4,1, 91 ,474
6/23/2022,8,1, 84 ,436.51
6/23/2022,8,1, 73 ,793.52
6/23/2022,3,1, 87 ,1499.85
6/23/2022,13,2, 90 ,313.54
6/23/2022,12,2, 94 ,89.78
6/23/2022,12,2, 76 ,109.27
6/23/2022,8,2, 82 ,54.84
6/23/2022,8,2, 80 ,769.55
6/23/2022,3,7, 78 ,90.2
6/23/2022,3,7, 82 ,18
6/23/2022,11,4, 65 ,738.72
6/23/2022,11,2, 62 ,1291.21
6/23/2022,11,3, 80 ,512.19
6/23/2022,11,3, 85 ,59.27
6/23/2022,6,4, 71 ,25.38
6/23/2022,6,3, 67 ,172
6/23/2022,6,5, 69 ,17
6/23/2022,6,2, 80 ,285.58
6/23/2022,6,2, 71 ,25.2
6/23/2022,6,2, 81 ,162
6/23/2022,6,2, 68 ,55
6/23/2022,6,2, 66 ,147
6/24/2022,8,6, 54 ,11359.39
6/24/2022,7,6, 92 ,417.36
6/24/2022,7,6, 87 ,1019.7
6/24/2022,7,6, 92 ,444
6/24/2022,7,6, 84 ,222
6/24/2022,7,6, 81 ,722
6/24/2022,5,6, 69 ,56.16
6/24/2022,5,6, 94 ,32847
6/24/2022,5,6, 60 ,53820
6/24/2022,4,6, 60 ,54723.9
6/24/2022,4,6, 87 ,990
6/24/2022,6,6, 85 ,97.76
6/24/2022,11,6, 62 ,2586.33
6/24/2022,11,6, 56 ,64808.88
6/24/2022,12,6, 80 ,1506.31
6/24/2022,12,6, 65 ,613.54
6/24/2022,13,6, 74 ,503.02
6/24/2022,13,6, 61 ,3875.01
6/24/2022,13,1, 82 ,36.34
6/24/2022,11,1, 82 ,78.21
6/24/2022,11,1, 92 ,505.7
6/24/2022,11,1, 66 ,789.86
6/24/2022,11,1, 61 ,4170.15
6/24/2022,11,1, 77 ,719.92
6/24/2022,11,1, 73 ,369.91
6/24/2022,7,1, 74 ,302.25
6/24/2022,7,1, 91 ,426
6/24/2022,5,1, 83 ,237.82
6/24/2022,5,1, 94 ,297.15
6/24/2022,5,1, 90 ,386.64
6/24/2022,4,1, 60 ,81282
6/24/2022,8,1, 73 ,835.18
6/24/2022,8,1, 92 ,828.37
6/24/2022,3,1, 67 ,402.8
6/24/2022,3,1, 60 ,66996.93
6/24/2022,3,1, 87 ,1485
6/24/2022,3,1, 77 ,1381
6/24/2022,12,2, 68 ,85.54
6/24/2022,3,7, 61 ,1374.49
6/24/2022,3,7, 92 ,145
6/24/2022,11,4, 82 ,56.36
6/24/2022,11,2, 67 ,166.68
6/24/2022,11,3, 67 ,120.97
6/24/2022,6,4, 78 ,96.6
6/24/2022,6,4, 62 ,997.24
6/24/2022,6,4, 62 ,932
6/24/2022,6,3, 74 ,168.3
6/25/2022,8,6, 60 ,59184.64
6/25/2022,7,6, 61 ,5500.14
6/25/2022,5,6, 92 ,605.85
6/25/2022,5,6, 80 ,1301
6/25/2022,4,6, 92 ,424
6/25/2022,4,6, 90 ,285
6/25/2022,4,6, 65 ,766.59
6/25/2022,4,6, 74 ,408
6/25/2022,3,6, 78 ,263.55
6/25/2022,3,6, 63 ,6113
6/25/2022,3,6, 57 ,18340
6/25/2022,11,6, 60 ,24582.07
6/25/2022,12,6, 76 ,2829.57
6/25/2022,12,6, 62 ,3278.48
6/25/2022,12,6, 60 ,39932.35
6/25/2022,13,6, 101 ,487315.6
6/25/2022,13,6, 81 ,594.25
6/25/2022,12,1, 90 ,238.15
6/25/2022,11,1, 80 ,1242.17
6/25/2022,11,1, 82 ,46.5
6/25/2022,11,1, 81 ,461.41
6/25/2022,7,1, 62 ,3785.8
6/25/2022,7,1, 61 ,8066.38
6/25/2022,6,1, 81 ,303.05
6/25/2022,6,1, 60 ,25512.9
6/25/2022,6,1, 83 ,101.76
6/25/2022,6,1, 73 ,266
6/25/2022,5,1, 82 ,69.84
6/25/2022,5,1, 73 ,456
6/25/2022,5,1, 69 ,60.06
6/25/2022,4,1, 92 ,742.6
6/25/2022,4,1, 84 ,371.3
6/25/2022,4,1, 81 ,1233.82
6/25/2022,4,1, 73 ,592.32
6/25/2022,4,1, 61 ,9357.48
6/25/2022,4,1, 92 ,790
6/25/2022,4,1, 67 ,399
6/25/2022,8,1, 77 ,1755.66
6/25/2022,3,1, 73 ,602.16
6/25/2022,3,1, 62 ,3472.14
6/25/2022,13,2, 66 ,658.72
6/25/2022,13,2, 82 ,66.17
6/25/2022,13,2, 74 ,731.09
6/25/2022,8,2, 94 ,202.6
6/25/2022,8,2, 73 ,332.32
6/25/2022,3,7, 78 ,82
6/25/2022,11,4, 83 ,127.36
6/25/2022,11,2, 89 ,78.42
6/25/2022,11,3, 77 ,317.79
6/25/2022,6,4, 87 ,302.64
6/25/2022,6,4, 87 ,312
6/25/2022,6,4, 73 ,130
6/25/2022,6,3, 83 ,155
6/25/2022,6,3, 68 ,130
6/25/2022,6,3, 61 ,2878
6/25/2022,6,2, 77 ,218.36
6/25/2022,6,2, 65 ,145.8
6/26/2022,8,6, 52 ,22213.57
6/26/2022,7,6, 101 ,676904.67
6/26/2022,7,6, 83 ,255
6/26/2022,7,6, 68 ,187
6/26/2022,7,6, 63 ,26287
6/26/2022,7,6, 53 ,39431
6/26/2022,5,6, 62 ,2761
6/26/2022,4,6, 78 ,255.6
6/26/2022,4,6, 65 ,759
6/26/2022,3,6, 83 ,227.88
6/26/2022,3,6, 80 ,1051.81
6/26/2022,3,6, 82 ,62.4
6/26/2022,3,6, 62 ,4372
6/26/2022,6,6, 76 ,1134
6/26/2022,11,6, 71 ,52.89
6/26/2022,11,6, 56 ,43349.44
6/26/2022,12,6, 82 ,61.4
6/26/2022,13,6, 60 ,38340.13
6/26/2022,13,1, 67 ,145.33
6/26/2022,13,1, 71 ,55.64
6/26/2022,12,1, 82 ,55.78
6/26/2022,11,1, 78 ,193.32
6/26/2022,7,1, 80 ,1780
6/26/2022,6,1, 66 ,426.12
6/26/2022,6,1, 92 ,459
6/26/2022,5,1, 76 ,601.34
6/26/2022,5,1, 89 ,233
6/26/2022,4,1, 77 ,1556
6/26/2022,4,1, 74 ,344
6/26/2022,8,1, 89 ,399
6/26/2022,8,1, 83 ,495.51
6/26/2022,8,1, 68 ,424.27
6/26/2022,8,1, 82 ,135.93
6/26/2022,3,1, 61 ,8504
6/26/2022,13,2, 83 ,233.12
6/26/2022,13,2, 67 ,310.78
6/26/2022,13,2, 67 ,317.05
6/26/2022,13,2, 87 ,790.74
6/26/2022,12,2, 61 ,903.97
6/26/2022,12,2, 81 ,150.76
6/26/2022,8,2, 60 ,42533.13
6/26/2022,8,2, 78 ,231.39
6/26/2022,3,7, 87 ,297
6/26/2022,3,7, 85 ,48.45
6/26/2022,3,7, 67 ,64.89
6/26/2022,11,4, 62 ,3368.48
6/26/2022,11,4, 61 ,3538.61
6/26/2022,11,4, 91 ,175.83
6/26/2022,11,4, 76 ,275.23
6/26/2022,11,4, 60 ,21299.03
6/26/2022,11,2, 92 ,252.2
6/26/2022,11,2, 65 ,359.98
6/26/2022,11,2, 80 ,339.06
6/26/2022,11,3, 71 ,63.87
6/26/2022,11,3, 69 ,44.74
6/26/2022,11,3, 94 ,94.38
6/26/2022,6,5, 81 ,220.48
6/26/2022,6,2, 80 ,262
6/27/2022,5,6, 56 ,123928.6
6/27/2022,5,6, 54 ,4534
6/27/2022,4,6, 63 ,25826.25
6/27/2022,4,6, 72 ,1597
6/27/2022,3,6, 62 ,4678.04
6/27/2022,3,6, 61 ,3706.82
6/27/2022,6,6, 56 ,97952.08
6/27/2022,6,6, 54 ,42
6/27/2022,11,6, 90 ,374.14
6/27/2022,11,6, 57 ,11565.54
6/27/2022,12,6, 69 ,104.08
6/27/2022,13,6, 57 ,7374.39
6/27/2022,13,6, 77 ,743.37
6/27/2022,13,1, 84 ,91.23
6/27/2022,13,1, 61 ,1880.25
6/27/2022,13,1, 84 ,106.52
6/27/2022,13,1, 83 ,122.31
6/27/2022,13,1, 81 ,345.12
6/27/2022,13,1, 78 ,160.9
6/27/2022,12,1, 62 ,2958.19
6/27/2022,12,1, 92 ,226.3
6/27/2022,7,1, 77 ,1323.1
6/27/2022,7,1, 66 ,575.92
6/27/2022,7,1, 61 ,8231
6/27/2022,6,1, 78 ,136
6/27/2022,5,1, 66 ,596
6/27/2022,4,1, 82 ,118.68
6/27/2022,8,1, 74 ,588.97
6/27/2022,3,1, 83 ,393.75
6/27/2022,3,1, 76 ,828.36
6/27/2022,3,1, 90 ,653
6/27/2022,13,2, 62 ,3097.88
6/27/2022,13,2, 92 ,418.8
6/27/2022,12,2, 85 ,44.38
6/27/2022,12,2, 62 ,803.97
6/27/2022,8,2, 92 ,266.8
6/27/2022,8,2, 90 ,223.81
6/27/2022,8,2, 62 ,2823.86
6/27/2022,3,7, 89 ,66.03
6/27/2022,3,7, 82 ,16.2
6/27/2022,11,5, 83 ,15.65
6/27/2022,11,5, 71 ,11.4
6/27/2022,11,4, 62 ,2184.84
6/27/2022,11,2, 71 ,52.56
6/27/2022,11,2, 62 ,1870.08
6/27/2022,11,3, 82 ,35.93
6/27/2022,11,3, 76 ,290.02
6/27/2022,6,4, 77 ,299
6/27/2022,6,4, 67 ,90
6/27/2022,6,3, 61 ,3050.68
6/27/2022,6,3, 66 ,336
6/27/2022,6,5, 60 ,16519.8
6/27/2022,6,5, 73 ,110.2
6/27/2022,6,5, 65 ,156.98
6/27/2022,6,2, 90 ,225.63
6/27/2022,6,2, 67 ,73.26
6/27/2022,6,2, 89 ,135
6/28/2022,8,6, 83 ,235.91
6/28/2022,8,6, 72 ,3491.53
6/28/2022,8,6, 54 ,11211.9
6/28/2022,8,6, 56 ,303812.8
6/28/2022,7,6, 56 ,184737.28
6/28/2022,7,6, 54 ,8430.84
6/28/2022,7,6, 74 ,279
6/28/2022,5,6, 68 ,187
6/28/2022,5,6, 67 ,246
6/28/2022,3,6, 90 ,375.9
6/28/2022,3,6, 74 ,369.77
6/28/2022,3,6, 85 ,168
6/28/2022,3,6, 73 ,482
6/28/2022,6,6, 87 ,451
6/28/2022,11,6, 89 ,246.07
6/28/2022,11,6, 84 ,190.1
6/28/2022,11,6, 57 ,6876.42
6/28/2022,12,6, 54 ,1415.54
6/28/2022,12,6, 74 ,675.48
6/28/2022,12,6, 60 ,57834.59
6/28/2022,13,6, 65 ,456.28
6/28/2022,13,1, 76 ,269.68
6/28/2022,13,1, 62 ,1829.36
6/28/2022,12,1, 74 ,355.02
6/28/2022,12,1, 65 ,325.23
6/28/2022,11,1, 84 ,230.92
6/28/2022,11,1, 80 ,745.45
6/28/2022,11,1, 66 ,563.54
6/28/2022,7,1, 60 ,82630.72
6/28/2022,7,1, 73 ,520
6/28/2022,7,1, 81 ,1102
6/28/2022,6,1, 89 ,224
6/28/2022,6,1, 65 ,442
6/28/2022,5,1, 91 ,286
6/28/2022,5,1, 60 ,52313.4
6/28/2022,5,1, 94 ,283
6/28/2022,5,1, 68 ,234
6/28/2022,4,1, 60 ,81282
6/28/2022,4,1, 94 ,440
6/28/2022,4,1, 89 ,385
6/28/2022,8,1, 94 ,408.74
6/28/2022,8,1, 62 ,5473.7
6/28/2022,8,1, 69 ,123.81
6/28/2022,8,1, 68 ,414.73
6/28/2022,12,2, 66 ,224.94
6/28/2022,12,2, 92 ,100.76
6/28/2022,12,2, 90 ,75.23
6/28/2022,12,2, 89 ,49.7
6/28/2022,8,2, 91 ,176.54
6/28/2022,8,2, 73 ,355.63
6/28/2022,8,2, 65 ,528.36
6/28/2022,3,7, 90 ,105.73
6/28/2022,3,7, 81 ,185
6/28/2022,3,7, 81 ,185
6/28/2022,3,7, 66 ,114
6/28/2022,11,5, 80 ,111.14
6/28/2022,11,5, 65 ,105.08
6/28/2022,11,4, 74 ,381.62
6/28/2022,11,2, 81 ,210.34
6/28/2022,11,3, 87 ,299.7
6/28/2022,11,3, 81 ,210.34
6/28/2022,11,3, 62 ,1283.76
6/28/2022,6,4, 65 ,171
6/28/2022,6,4, 74 ,129
6/28/2022,6,3, 71 ,59.92
6/28/2022,6,3, 69 ,35.52
6/28/2022,6,5, 80 ,312.48
6/28/2022,6,5, 76 ,148
6/28/2022,6,5, 87 ,277
6/29/2022,8,6, 67 ,272.86
6/29/2022,7,6, 94 ,44139
6/29/2022,7,6, 87 ,990
6/29/2022,5,6, 83 ,272.49
6/29/2022,5,6, 78 ,288.88
6/29/2022,5,6, 53 ,9169.8
6/29/2022,4,6, 89 ,208.65
6/29/2022,4,6, 85 ,204.92
6/29/2022,4,6, 54 ,4893.53
6/29/2022,4,6, 53 ,5751
6/29/2022,4,6, 82 ,67
6/29/2022,4,6, 67 ,352
6/29/2022,3,6, 87 ,860.44
6/29/2022,3,6, 71 ,120.65
6/29/2022,3,6, 67 ,361
6/29/2022,6,6, 74 ,155.8
6/29/2022,6,6, 90 ,401
6/29/2022,6,6, 80 ,536
6/29/2022,11,6, 92 ,508.99
6/29/2022,11,6, 67 ,283.99
6/29/2022,11,6, 87 ,524.17
6/29/2022,12,6, 83 ,306.17
6/29/2022,13,6, 68 ,137.83
6/29/2022,13,1, 92 ,211.35
6/29/2022,13,1, 91 ,128.54
6/29/2022,13,1, 87 ,406.79
6/29/2022,13,1, 69 ,38.09
6/29/2022,12,1, 71 ,82.55
6/29/2022,12,1, 90 ,169.91
6/29/2022,11,1, 74 ,621.18
6/29/2022,11,1, 83 ,160.34
6/29/2022,7,1, 90 ,532
6/29/2022,7,1, 85 ,317
6/29/2022,7,1, 66 ,626
6/29/2022,6,1, 80 ,515
6/29/2022,5,1, 77 ,1112.1
6/29/2022,4,1, 77 ,1618.24
6/29/2022,4,1, 81 ,1259
6/29/2022,4,1, 71 ,123
6/29/2022,8,1, 67 ,568.57
6/29/2022,8,1, 91 ,494.36
6/29/2022,8,1, 85 ,376.85
6/29/2022,8,1, 76 ,975.34
6/29/2022,3,1, 67 ,380
6/29/2022,13,2, 81 ,555.45
6/29/2022,13,2, 89 ,204.76
6/29/2022,12,2, 83 ,56.08
6/29/2022,12,2, 74 ,373.11
6/29/2022,8,2, 69 ,56.42
6/29/2022,8,2, 62 ,2888.79
6/29/2022,8,2, 91 ,177.7
6/29/2022,3,7, 69 ,13.78
6/29/2022,3,7, 87 ,270
6/29/2022,11,5, 68 ,24.16
6/29/2022,11,4, 65 ,443.32
6/29/2022,11,2, 69 ,25.23
6/29/2022,11,3, 94 ,144.04
6/29/2022,6,4, 77 ,299
6/29/2022,6,4, 73 ,117
6/29/2022,6,4, 81 ,221
6/29/2022,6,3, 77 ,488.7
6/29/2022,6,3, 73 ,248
6/29/2022,6,5, 83 ,75
6/29/2022,6,5, 82 ,21
6/29/2022,6,5, 78 ,85
6/29/2022,6,5, 65 ,167
6/29/2022,6,2, 74 ,146
6/30/2022,8,6, 89 ,176.12
6/30/2022,8,6, 87 ,1074.15
6/30/2022,8,6, 76 ,8941.5
6/30/2022,8,6, 84 ,195.02
6/30/2022,8,6, 62 ,3742.06
6/30/2022,7,6, 71 ,69.58
6/30/2022,7,6, 73 ,424.6
6/30/2022,7,6, 77 ,910
6/30/2022,7,6, 71 ,71
6/30/2022,5,6, 62 ,2981.88
6/30/2022,4,6, 91 ,240
6/30/2022,4,6, 85 ,188
6/30/2022,3,6, 61 ,3497
6/30/2022,11,6, 65 ,553.97
6/30/2022,11,6, 52 ,12019.05
6/30/2022,11,6, 62 ,1766.75
6/30/2022,12,6, 66 ,912.8
6/30/2022,13,6, 84 ,190.73
6/30/2022,13,1, 80 ,500.21
6/30/2022,13,1, 60 ,22275.35
6/30/2022,7,1, 92 ,681.6
6/30/2022,7,1, 67 ,336
6/30/2022,6,1, 71 ,70
6/30/2022,5,1, 74 ,325
6/30/2022,4,1, 94 ,462
6/30/2022,4,1, 90 ,645.28
6/30/2022,3,1, 82 ,113.42
6/30/2022,3,1, 84 ,326
6/30/2022,3,1, 74 ,288
6/30/2022,3,1, 71 ,107
6/30/2022,12,2, 81 ,227.74
6/30/2022,12,2, 73 ,94.38
6/30/2022,12,2, 71 ,22.04
6/30/2022,8,2, 67 ,240.08
6/30/2022,3,7, 89 ,71
6/30/2022,3,7, 65 ,126
6/30/2022,11,5, 91 ,30.59
6/30/2022,11,4, 69 ,69.34
6/30/2022,11,4, 89 ,144.38
6/30/2022,11,4, 68 ,149.7
6/30/2022,11,2, 94 ,161.68
6/30/2022,11,2, 84 ,98.94
6/30/2022,11,2, 94 ,94.38
6/30/2022,11,3, 60 ,20774.54
6/30/2022,6,3, 60 ,26777.1
6/30/2022,6,3, 62 ,1831
6/30/2022,6,5, 77 ,271.32
6/30/2022,6,5, 77 ,266
